,感知易感性_mean,感知严重性_mean,感知益处_mean,感知障碍_mean,行动线索_mean,自我效能_mean,AI接受度_mean
感知易感性_mean,1.0,-0.10160326864133455,-0.1795541740325331,-0.1038804865973666,-0.030481956462139404,0.18570957043363376,0.08660286263954756
感知严重性_mean,-0.10160326864133455,1.0,0.03949275351868467,-0.030214893704150026,-0.08695283023089466,-0.12823241649722966,-0.0569037289544482
感知益处_mean,-0.1795541740325331,0.03949275351868467,1.0,0.17937214647548175,-0.08629728630148986,0.035872970285580445,-0.11460000329411897
感知障碍_mean,-0.1038804865973666,-0.030214893704150026,0.17937214647548175,1.0,-0.005877972231867322,0.07308706111044604,-0.007061984176722648
行动线索_mean,-0.030481956462139404,-0.08695283023089466,-0.08629728630148986,-0.005877972231867322,1.0,-0.040146119555673404,0.027280550609081033
自我效能_mean,0.18570957043363376,-0.12823241649722966,0.035872970285580445,0.07308706111044604,-0.040146119555673404,1.0,0.121488513551004
AI接受度_mean,0.08660286263954756,-0.0569037289544482,-0.11460000329411897,-0.007061984176722648,0.027280550609081033,0.121488513551004,1.0
