dimension,n_items,mean,std,median,min,max,alpha
感知易感性_mean,4,3.365,1.1357816691600546,3.0,2,5,-0.04374312320532425
感知严重性_mean,4,3.4525,1.1003502518251764,3.0,2,5,-0.2763547743642386
感知益处_mean,5,4.004,0.8205672801925784,4.0,3,5,-0.009940956741776308
感知障碍_mean,6,2.5016666666666665,1.120456570823128,2.5,1,4,0.04394379282313338
行动线索_mean,4,3.42,1.1232784098187378,3.0,2,5,0.019877675840978732
自我效能_mean,4,3.48,1.154526886143007,3.5,2,5,-0.15357081983978205
AI接受度_mean,5,3.528,1.1312716522136512,3.0,2,5,-0.1770070371966112
